{"name":"d15f3816-a08d-43ee-a6e6-e17db30b81c5","id":"/providers/Microsoft.Flow/flows/d15f3816-a08d-43ee-a6e6-e17db30b81c5","type":"Microsoft.Flow/flows","properties":{"apiId":"/providers/Microsoft.PowerApps/apis/shared_logicflows","displayName":"addCalendarFromApps","definition":{"metadata":{"workflowEntityId":null,"flowclientsuspensionreason":"None","flowclientsuspensiontime":null,"creator":{"id":"67306559-b68e-4412-8774-41368853e962","type":"User","tenantId":"5defe6e4-9bf4-445c-bf19-c568c4259ead"},"provisioningMethod":"FromDefinition","failureAlertSubscription":true,"clientLastModifiedTime":"2021-02-23T04:47:56.668266Z"},"$schema":"https://schema.management.azure.com/providers/Microsoft.Logic/schemas/2016-06-01/workflowdefinition.json#","contentVersion":"1.0.0.0","parameters":{"$connections":{"defaultValue":{},"type":"Object"},"$authentication":{"defaultValue":{},"type":"SecureObject"}},"triggers":{"manual":{"type":"Request","kind":"PowerApp","inputs":{"schema":{"type":"object","properties":{"ParseJSON_Content":{"type":"any","x-ms-powerflows-param-ispartial":false}},"required":["ParseJSON_Content"]}}}},"actions":{"Respond_to_a_PowerApp_or_flow":{"runAfter":{"Apply_to_each_2":["Succeeded"]},"type":"Response","kind":"PowerApp","inputs":{"statusCode":200,"body":{"id":"12345"},"schema":{"type":"object","properties":{"id":{"title":"id","x-ms-dynamically-added":true,"type":"string"}}}}},"Parse_JSON":{"runAfter":{},"type":"ParseJson","inputs":{"content":"@triggerBody()['ParseJSON_Content']","schema":{"type":"object","properties":{"userName":{"type":"string"},"userEmail":{"type":"string"},"seatUuid":{"type":"string"}}}}},"Get_user_profile_(V2)":{"runAfter":{"Parse_JSON":["Succeeded"]},"type":"OpenApiConnection","inputs":{"host":{"apiId":"/providers/Microsoft.PowerApps/apis/shared_office365users","connectionName":"shared_office365users_1","operationId":"UserProfile_V2"},"parameters":{"id":"@body('Parse_JSON')?['userEmail']"},"authentication":{"value":"@json(decodeBase64(triggerOutputs().headers['X-MS-APIM-Tokens']))['$ConnectionKey']","type":"Raw"}}},"startTime":{"runAfter":{"Get_user_profile_(V2)":["Succeeded"]},"type":"Compose","inputs":"@utcNow()"},"endTime":{"runAfter":{"startTime":["Succeeded"]},"type":"Compose","inputs":"@getFutureTime(24,'Hour')"},"Get_items":{"runAfter":{"endTime":["Succeeded"]},"type":"OpenApiConnection","inputs":{"host":{"apiId":"/providers/Microsoft.PowerApps/apis/shared_sharepointonline","connectionName":"shared_sharepointonline","operationId":"GetItems"},"parameters":{"dataset":"https://noguhiro2002.sharepoint.com/sites/A_department","table":"d911f4f6-c623-4682-b6a7-5213c4e2acaa","$filter":"seatUuid eq '@{body('Parse_JSON')?['seatUuid']}'"},"authentication":{"value":"@json(decodeBase64(triggerOutputs().headers['X-MS-APIM-Tokens']))['$ConnectionKey']","type":"Raw"}}},"Apply_to_each":{"foreach":"@outputs('Get_items')?['body/value']","actions":{"Create_item":{"runAfter":{},"type":"OpenApiConnection","inputs":{"host":{"apiId":"/providers/Microsoft.PowerApps/apis/shared_sharepointonline","connectionName":"shared_sharepointonline","operationId":"PostItem"},"parameters":{"dataset":"https://noguhiro2002.sharepoint.com/sites/A_department","table":"01d0eb3d-4ed6-499f-b55b-3793f16fc483","item/Title":"@{outputs('Get_user_profile_(V2)')?['body/givenName']},@{outputs('Get_user_profile_(V2)')?['body/surname']}_@{items('Apply_to_each')?['Title']}(@{items('Apply_to_each')?['siteName']},@{items('Apply_to_each')?['buildingName']},@{items('Apply_to_each')?['roomName']})","item/Category":"Using","item/startTime":"@outputs('startTime')","item/endTime":"@outputs('endTime')","item/siteName":"@items('Apply_to_each')?['siteName']","item/buildingName":"@items('Apply_to_each')?['buildingName']","item/roomName":"@items('Apply_to_each')?['roomName']","item/seatName":"@items('Apply_to_each')?['Title']","item/seatUuid":"@items('Apply_to_each')?['seatUuid']","item/seatUserEmail":"@outputs('Get_user_profile_(V2)')?['body/mail']","item/seatUser":[{"Claims":"@outputs('Get_user_profile_(V2)')?['body/mail']"}]},"authentication":{"value":"@json(decodeBase64(triggerOutputs().headers['X-MS-APIM-Tokens']))['$ConnectionKey']","type":"Raw"}}}},"runAfter":{"Get_items":["Succeeded"]},"type":"Foreach"},"Apply_to_each_2":{"foreach":"@outputs('Get_items')?['body/value']","actions":{"Post_a_message_(V3)":{"runAfter":{},"type":"OpenApiConnection","inputs":{"host":{"apiId":"/providers/Microsoft.PowerApps/apis/shared_teams","connectionName":"shared_teams","operationId":"PostMessageToChannelV3"},"parameters":{"groupId":"a2fcab54-2aa0-4f20-967a-6e880267e50d","channelId":"19:97fc31f67325445c800c746446dba291@thread.tacv2","body/body/content":"<p><strong>[Sitting]</strong><br>\neventTitle:@{items('Apply_to_each_2')?['Title']}<br>\nseatUserEmail:@{outputs('Get_user_profile_(V2)')?['body/mail']}<br>\nseatUuid:@{items('Apply_to_each_2')?['seatUuid']}<br>\nstartDate(UTC):@{outputs('startTime')}<br>\nendDate(UTC):@{outputs('endTime')}</p>"},"authentication":{"value":"@json(decodeBase64(triggerOutputs().headers['X-MS-APIM-Tokens']))['$ConnectionKey']","type":"Raw"}}}},"runAfter":{"Apply_to_each":["Succeeded"]},"type":"Foreach"}}},"connectionReferences":{"shared_office365users_1":{"connectionName":"shared-office365user-09e2b9bd-eb80-4fe3-a74d-6eca-540b2583","source":"Invoker","id":"/providers/Microsoft.PowerApps/apis/shared_office365users","tier":"NotSpecified"},"shared_sharepointonline":{"connectionName":"36921971fc5641aeac8353e0503a0c4b","source":"Invoker","id":"/providers/Microsoft.PowerApps/apis/shared_sharepointonline","tier":"NotSpecified"},"shared_teams":{"connectionName":"shared-teams-49506800-25ca-4879-adec-906f-7d9a7828","source":"Invoker","id":"/providers/Microsoft.PowerApps/apis/shared_teams","tier":"NotSpecified"}},"flowFailureAlertSubscribed":false}}