{"name":"878567d6-b8b0-490e-adc5-dd16cc7caaa3","id":"/providers/Microsoft.Flow/flows/878567d6-b8b0-490e-adc5-dd16cc7caaa3","type":"Microsoft.Flow/flows","properties":{"apiId":"/providers/Microsoft.PowerApps/apis/shared_logicflows","displayName":"updateEndCalendarFromApps","definition":{"metadata":{"workflowEntityId":null,"flowclientsuspensionreason":"None","flowclientsuspensiontime":null,"creator":{"id":"67306559-b68e-4412-8774-41368853e962","type":"User","tenantId":"5defe6e4-9bf4-445c-bf19-c568c4259ead"},"provisioningMethod":"FromDefinition","failureAlertSubscription":true,"clientLastModifiedTime":"2021-02-23T04:44:45.8306599Z"},"$schema":"https://schema.management.azure.com/providers/Microsoft.Logic/schemas/2016-06-01/workflowdefinition.json#","contentVersion":"1.0.0.0","parameters":{"$connections":{"defaultValue":{},"type":"Object"},"$authentication":{"defaultValue":{},"type":"SecureObject"}},"triggers":{"manual":{"type":"Request","kind":"PowerApp","inputs":{"schema":{"type":"object","properties":{},"required":[]}}}},"actions":{"Post_a_message_(V3)":{"runAfter":{"Update_item":["Succeeded"]},"type":"OpenApiConnection","inputs":{"host":{"apiId":"/providers/Microsoft.PowerApps/apis/shared_teams","connectionName":"shared_teams","operationId":"PostMessageToChannelV3"},"parameters":{"groupId":"a2fcab54-2aa0-4f20-967a-6e880267e50d","channelId":"19:97fc31f67325445c800c746446dba291@thread.tacv2","body/body/content":"<p><strong>[Leaving]</strong><br>\neventTitle:@{outputs('Update_item')?['body/Title']}<br>\nseatUserEmail:@{outputs('Update_item')?['body/seatUserEmail']}<br>\nseatUuid:@{outputs('Update_item')?['body/seatUuid']}<br>\nstartDate(UTC):@{outputs('Update_item')?['body/startTime']}<br>\nendDate(UTC): @{convertTimeZone(utcNow(), 'UTC', 'Tokyo Standard Time')}</p>"},"authentication":{"value":"@json(decodeBase64(triggerOutputs().headers['X-MS-APIM-Tokens']))['$ConnectionKey']","type":"Raw"}}},"Respond_to_a_PowerApp_or_flow":{"runAfter":{"Post_a_message_(V3)":["Succeeded"]},"type":"Response","kind":"PowerApp","inputs":{"statusCode":200,"body":{"res":"0"},"schema":{"type":"object","properties":{"res":{"title":"res","x-ms-dynamically-added":true,"type":"string"}}}}},"Get_item_2":{"runAfter":{},"type":"OpenApiConnection","inputs":{"host":{"apiId":"/providers/Microsoft.PowerApps/apis/shared_sharepointonline","connectionName":"shared_sharepointonline","operationId":"GetItem"},"parameters":{"dataset":"https://noguhiro2002.sharepoint.com/sites/A_department","table":"01d0eb3d-4ed6-499f-b55b-3793f16fc483","id":"@triggerBody()['Getitem_Id']"},"authentication":{"value":"@json(decodeBase64(triggerOutputs().headers['X-MS-APIM-Tokens']))['$ConnectionKey']","type":"Raw"}}},"Update_item":{"runAfter":{"Get_item_2":["Succeeded"]},"type":"OpenApiConnection","inputs":{"host":{"apiId":"/providers/Microsoft.PowerApps/apis/shared_sharepointonline","connectionName":"shared_sharepointonline","operationId":"PatchItem"},"parameters":{"dataset":"https://noguhiro2002.sharepoint.com/sites/A_department","table":"01d0eb3d-4ed6-499f-b55b-3793f16fc483","id":"@outputs('Get_item_2')?['body/ID']","item/Title":"@outputs('Get_item_2')?['body/Title']","item/Category":"Used","item/startTime":"@outputs('Get_item_2')?['body/startTime']","item/endTime":"@utcNow()","item/siteName":"@outputs('Get_item_2')?['body/siteName']","item/buildingName":"@outputs('Get_item_2')?['body/buildingName']","item/roomName":"@outputs('Get_item_2')?['body/roomName']","item/seatName":"@outputs('Get_item_2')?['body/seatName']","item/seatUuid":"@outputs('Get_item_2')?['body/seatUuid']","item/seatUserEmail":"@outputs('Get_item_2')?['body/seatUserEmail']","item/seatUser":[{"Claims":"@outputs('Get_item_2')?['body/seatUserEmail']"}]},"authentication":{"value":"@json(decodeBase64(triggerOutputs().headers['X-MS-APIM-Tokens']))['$ConnectionKey']","type":"Raw"}}}}},"connectionReferences":{"shared_sharepointonline":{"connectionName":"36921971fc5641aeac8353e0503a0c4b","source":"Invoker","id":"/providers/Microsoft.PowerApps/apis/shared_sharepointonline","tier":"NotSpecified"},"shared_teams":{"connectionName":"shared-teams-49506800-25ca-4879-adec-906f-7d9a7828","source":"Invoker","id":"/providers/Microsoft.PowerApps/apis/shared_teams","tier":"NotSpecified"}},"flowFailureAlertSubscribed":false}}